{
    "logistic_regression": {
        "validation": {
            "precision": 0.7539267015706806,
            "f1": 0.8323699421965318,
            "recall": 0.9290322580645162,
            "confusion_matrix": [
                [
                    2564,
                    141
                ],
                [
                    33,
                    432
                ]
            ],
            "classification_report": "              precision    recall  f1-score   support\n\n           0       0.99      0.95      0.97      2705\n           1       0.75      0.93      0.83       465\n\n    accuracy                           0.95      3170\n   macro avg       0.87      0.94      0.90      3170\nweighted avg       0.95      0.95      0.95      3170\n"
        },
        "test": {
            "precision": 0.7575221238938054,
            "f1": 0.8310679611650486,
            "recall": 0.9204301075268817,
            "confusion_matrix": [
                [
                    2543,
                    137
                ],
                [
                    37,
                    428
                ]
            ],
            "classification_report": "              precision    recall  f1-score   support\n\n           0       0.99      0.95      0.97      2680\n           1       0.76      0.92      0.83       465\n\n    accuracy                           0.94      3145\n   macro avg       0.87      0.93      0.90      3145\nweighted avg       0.95      0.94      0.95      3145\n"
        }
    },
    "random_forest": {
        "validation": {
            "precision": 0.8881278538812786,
            "f1": 0.8615725359911407,
            "recall": 0.8365591397849462,
            "confusion_matrix": [
                [
                    2656,
                    49
                ],
                [
                    76,
                    389
                ]
            ],
            "classification_report": "              precision    recall  f1-score   support\n\n           0       0.97      0.98      0.98      2705\n           1       0.89      0.84      0.86       465\n\n    accuracy                           0.96      3170\n   macro avg       0.93      0.91      0.92      3170\nweighted avg       0.96      0.96      0.96      3170\n"
        },
        "test": {
            "precision": 0.8454935622317596,
            "f1": 0.8464017185821697,
            "recall": 0.8473118279569892,
            "confusion_matrix": [
                [
                    2608,
                    72
                ],
                [
                    71,
                    394
                ]
            ],
            "classification_report": "              precision    recall  f1-score   support\n\n           0       0.97      0.97      0.97      2680\n           1       0.85      0.85      0.85       465\n\n    accuracy                           0.95      3145\n   macro avg       0.91      0.91      0.91      3145\nweighted avg       0.95      0.95      0.95      3145\n"
        }
    },
    "xgboost": {
        "validation": {
            "precision": 0.9063291139240506,
            "f1": 0.8325581395348837,
            "recall": 0.7698924731182796,
            "confusion_matrix": [
                [
                    2668,
                    37
                ],
                [
                    107,
                    358
                ]
            ],
            "classification_report": "              precision    recall  f1-score   support\n\n           0       0.96      0.99      0.97      2705\n           1       0.91      0.77      0.83       465\n\n    accuracy                           0.95      3170\n   macro avg       0.93      0.88      0.90      3170\nweighted avg       0.95      0.95      0.95      3170\n"
        },
        "test": {
            "precision": 0.8701594533029613,
            "f1": 0.8451327433628318,
            "recall": 0.821505376344086,
            "confusion_matrix": [
                [
                    2623,
                    57
                ],
                [
                    83,
                    382
                ]
            ],
            "classification_report": "              precision    recall  f1-score   support\n\n           0       0.97      0.98      0.97      2680\n           1       0.87      0.82      0.85       465\n\n    accuracy                           0.96      3145\n   macro avg       0.92      0.90      0.91      3145\nweighted avg       0.95      0.96      0.95      3145\n"
        }
    }
}